{
  "device": "mps",
  "seed": 0,
  "n_samples_per_method": 1000,
  "n_real_reference": 1000,
  "eps_mscore": 1.0,
  "methods": [
    {
      "name": "latent=64",
      "latent_dim": 64,
      "n_samples": 32,
      "fid": 1160.1188443582525,
      "mean_confidence": 0.789089560508728,
      "mean_ink_violation": 27.199220657348633,
      "m_score": 0.03125,
      "pred_class_distribution": [
        0.1875,
        0.0,
        0.21875,
        0.21875,
        0.0625,
        0.125,
        0.09375,
        0.03125,
        0.0625,
        0.0
      ]
    },
    {
      "name": "latent=128",
      "n_samples": 1000,
      "fid": 348.64906628078916,
      "mean_confidence": 0.910723865032196,
      "mean_ink_violation": 20.64175796508789,
      "m_score": 0.03200000151991844,
      "pred_class_distribution": [
        0.04699999839067459,
        0.14900000393390656,
        0.04899999871850014,
        0.08299999684095383,
        0.07699999958276749,
        0.1080000028014183,
        0.06300000101327896,
        0.18799999356269836,
        0.05400000140070915,
        0.18199999630451202
      ],
      "latent_dim": 128
    },
    {
      "name": "latent=256",
      "n_samples": 1000,
      "fid": 339.5051646769516,
      "mean_confidence": 0.8623435497283936,
      "mean_ink_violation": 23.588878631591797,
      "m_score": 0.023000000044703484,
      "pred_class_distribution": [
        0.04399999976158142,
        0.05299999937415123,
        0.11800000071525574,
        0.07599999755620956,
        0.11400000005960464,
        0.09600000083446503,
        0.0689999982714653,
        0.14499999582767487,
        0.07400000095367432,
        0.210999995470047
      ],
      "latent_dim": 256
    }
  ],
  "meta": {
    "ae_epochs": 5,
    "ddpm_epochs": 10,
    "sample_batch": 32,
    "n_steps": 1000,
    "per_latent_runs": [
      {
        "latent_dim": 128,
        "latent_shape": [
          2,
          8,
          8
        ],
        "ae_epochs": 5,
        "ddpm_epochs": 10,
        "ae_wall_time_s": 26.65687918663025,
        "ddpm_wall_time_s": 315.4566249847412,
        "sample_wall_time_s": 236.33461904525757,
        "ddpm_loss_history": [
          0.33205111410572075,
          0.24237710947611693,
          0.2232290870790034,
          0.210967082514374,
          0.2037369163671155,
          0.19879732207893563,
          0.192143225665095,
          0.18736638489371932,
          0.18511540136103438,
          0.18148941836599855
        ]
      },
      {
        "latent_dim": 256,
        "latent_shape": [
          4,
          8,
          8
        ],
        "ae_epochs": 5,
        "ddpm_epochs": 10,
        "ae_wall_time_s": 42.16693091392517,
        "ddpm_wall_time_s": 10198.190047979355,
        "sample_wall_time_s": 141.13350009918213,
        "ddpm_loss_history": [
          0.3507857109342557,
          0.23356953001162137,
          0.20989619610088467,
          0.19736600930947484,
          0.1898693106989108,
          0.18077859995779452,
          0.17569674221056103,
          0.17324999789757006,
          0.16961510058468593,
          0.16822431500214757
        ]
      }
    ],
    "baseline_source": "figure15_table.json -> Mahan-AE+DDPM"
  }
}