{
  "c1": {
    "n_samples": 1000,
    "fid": 2217.7546537121852,
    "conf": 0.859012246131897,
    "mean_viol": 5.020141543354839e-06,
    "m_score": 1.0
  },
  "c5": {
    "n_samples": 1000,
    "fid": 1900.687167049417,
    "conf": 0.8647903800010681,
    "mean_viol": 5.2108766794845e-06,
    "m_score": 1.0
  },
  "c50": {
    "n_samples": 1000,
    "fid": 840.7344475702494,
    "conf": 0.8335199952125549,
    "mean_viol": 5.096435415907763e-06,
    "m_score": 1.0
  },
  "last-only": {
    "n_samples": 20,
    "fid": 882.6041322032829,
    "conf": 0.9530712962150574,
    "mean_viol": 5.34057608092553e-06,
    "m_score": 1.0
  }
}